ID,Title,"File Name","File Size",Caption,"Alt Text",Description,URL,"Date Uploaded",Type
714,13961232_5385893,13961232_5385893-scaled.jpg,"156 KB",,,,https://picturenotes.co.uk/wp-content/uploads/2023/11/13961232_5385893-scaled.jpg,"November 17, 2023",image/jpeg
712,"Business hierarchy concept vector illustration.",10780337_19197058-scaled.jpg,"236 KB","Businessmen work with laptops on graph columns. Business hierarchy, hierarchical organization, levels of hierarchy concept on white background. Bright vibrant violet vector isolated illustration",,,https://picturenotes.co.uk/wp-content/uploads/2023/12/10780337_19197058-scaled.jpg,"November 17, 2023",image/jpeg
706,"New Message",6183565_3084948.jpg,"596 KB",,,,https://picturenotes.co.uk/wp-content/uploads/2023/11/6183565_3084948.jpg,"November 17, 2023",image/jpeg
687,12297156_4937591,12297156_4937591-scaled.jpg,"191 KB",,,,https://picturenotes.co.uk/wp-content/uploads/2023/11/12297156_4937591-scaled.jpg,"November 17, 2023",image/jpeg
675,4474527,4474527-scaled.jpg,"287 KB",,,,https://picturenotes.co.uk/wp-content/uploads/2023/11/4474527-scaled.jpg,"November 17, 2023",image/jpeg
629,"IPhone IOs Folder Social Media Icons Vector Set",1255-scaled.jpg,"269 KB","Vector Business Social Media Network Icons On IPhone Screen Colorful Wallpaper On White Background. Facebook, Linkedin, Twitter, Messenger, WhatsApp, Skype, Google, Behance, Gmail Apps Set IOs Folder",,,https://picturenotes.co.uk/wp-content/uploads/2023/02/1255-scaled.jpg,"February 17, 2023",image/jpeg
614,"Woman diy blogger takes a photo on a mobile phone for diy blog in social media handmade jute rope lamp",woman-diy-blogger-takes-photo-mobile-phone-diy-blog-social-media-handmade-jute-rope-lamp-home-scaled.jpg,"346 KB","Woman diy blogger takes a photo on a mobile phone for diy blog in social media handmade jute rope lamp at home",,,https://picturenotes.co.uk/wp-content/uploads/2023/02/woman-diy-blogger-takes-photo-mobile-phone-diy-blog-social-media-handmade-jute-rope-lamp-home-scaled.jpg,"February 14, 2023",image/jpeg
559,Travel,Travel-scaled.jpg,"312 KB",,,,https://picturenotes.co.uk/wp-content/uploads/2023/01/Travel-scaled.jpg,"January 7, 2023",image/jpeg
558,recipe,recipe.jpg,"516 KB",,,,https://picturenotes.co.uk/wp-content/uploads/2023/01/recipe.jpg,"January 7, 2023",image/jpeg
557,pub,pub-scaled.jpg,"270 KB",,,,https://picturenotes.co.uk/wp-content/uploads/2023/01/pub-scaled.jpg,"January 7, 2023",image/jpeg
556,cocktails,cocktails-scaled.jpg,"450 KB",,,,https://picturenotes.co.uk/wp-content/uploads/2023/01/cocktails-scaled.jpg,"January 7, 2023",image/jpeg
555,"class note",class-note-scaled.jpg,"581 KB",,,,https://picturenotes.co.uk/wp-content/uploads/2023/01/class-note-scaled.jpg,"January 7, 2023",image/jpeg
553,Image-horizontal-2.jpg,Image-horizontal-2.jpg,"4 KB",,,,https://picturenotes.co.uk/wp-content/uploads/2023/01/Image-horizontal-2.jpg,"January 7, 2023",image/jpeg
552,Image-Testemonials-2.jpeg,Image-Testemonials-2.jpeg,"1 KB",,,,https://picturenotes.co.uk/wp-content/uploads/2023/01/Image-Testemonials-2.jpeg,"January 7, 2023",image/jpeg
551,Image_Placeholder-about-2.jpeg,Image_Placeholder-about-2.jpeg,"3 KB",,,,https://picturenotes.co.uk/wp-content/uploads/2023/01/Image_Placeholder-about-2.jpeg,"January 7, 2023",image/jpeg
550,Image_Placeholder_Hero-2.jpeg,Image_Placeholder_Hero-2.jpeg,"4 KB",,,,https://picturenotes.co.uk/wp-content/uploads/2023/01/Image_Placeholder_Hero-2.jpeg,"January 7, 2023",image/jpeg
549,W_white.jpg,W_white.jpg,"6 KB",,,,https://picturenotes.co.uk/wp-content/uploads/2023/01/W_white.jpg,"January 7, 2023",image/jpeg
489,notepad,notepad.png,"76 KB",,,,https://picturenotes.co.uk/wp-content/uploads/2022/12/notepad.png,"December 12, 2022",image/png
463,Microsoft_Office_OneNote_(2019–present).svg,Microsoft_Office_OneNote_2019–present.svg_.png,"92 KB",,,,https://picturenotes.co.uk/wp-content/uploads/2022/12/Microsoft_Office_OneNote_2019–present.svg_.png,"December 10, 2022",image/png
462,Dropbox_Paper_logo_with_text,Dropbox_Paper_logo_with_text.png,"34 KB",,,,https://picturenotes.co.uk/wp-content/uploads/2022/12/Dropbox_Paper_logo_with_text.png,"December 10, 2022",image/png
382,cropped-Artboard-9.png,cropped-Artboard-9.png,"39 KB",https://picturenotes.co.uk/wp-content/uploads/2022/05/cropped-Artboard-9.png,,https://picturenotes.co.uk/wp-content/uploads/2022/05/cropped-Artboard-9.png,https://picturenotes.co.uk/wp-content/uploads/2022/05/cropped-Artboard-9.png,"May 28, 2022",image/png
381,"Artboard 9",Artboard-9.png,"77 KB",,,,https://picturenotes.co.uk/wp-content/uploads/2022/05/Artboard-9.png,"May 28, 2022",image/png
326,"Artboard 14 copy2 2 2234",Artboard-14-copy2-2-2234.png,"6 KB",,,,https://picturenotes.co.uk/wp-content/uploads/2022/03/Artboard-14-copy2-2-2234.png,"May 28, 2022",image/png
324,"Artboard 14 copy2 2 22",Artboard-14-copy2-2-22.png,"7 KB",,,,https://picturenotes.co.uk/wp-content/uploads/2022/03/Artboard-14-copy2-2-22.png,"May 28, 2022",image/png
292,Untitle[-5,Untitle-5.png,"6 KB",,,,https://picturenotes.co.uk/wp-content/uploads/2022/05/Untitle-5.png,"May 28, 2022",image/png
291,Untitled-5,Untitled-5.png,"6 KB",,,,https://picturenotes.co.uk/wp-content/uploads/2022/05/Untitled-5.png,"May 28, 2022",image/png
289,banner,banner-1.png,"82 KB",,,,https://picturenotes.co.uk/wp-content/uploads/2022/05/banner-1.png,"May 28, 2022",image/png
269,BACK,BACK.png,"475 KB",,,,https://picturenotes.co.uk/wp-content/uploads/2022/05/BACK.png,"May 28, 2022",image/png
268,IDA,IDA.png,"7 KB",,,,https://picturenotes.co.uk/wp-content/uploads/2022/05/IDA.png,"May 28, 2022",image/png
267,idea,idea.png,"6 KB",,,,https://picturenotes.co.uk/wp-content/uploads/2022/05/idea.png,"May 28, 2022",image/png
266,find,find.png,"9 KB",,,,https://picturenotes.co.uk/wp-content/uploads/2022/05/find.png,"May 28, 2022",image/png
265,ORGANIS,ORGANIS.png,"11 KB",,,,https://picturenotes.co.uk/wp-content/uploads/2022/05/ORGANIS.png,"May 28, 2022",image/png
264,image,image.png,"8 KB",,,,https://picturenotes.co.uk/wp-content/uploads/2022/05/image.png,"May 28, 2022",image/png
241,Screenshot_20220407-210231,Screenshot_20220407-210231.jpg,"291 KB",,,,https://picturenotes.co.uk/wp-content/uploads/2022/05/Screenshot_20220407-210231.jpg,"May 27, 2022",image/jpeg
239,Untitled-2,Untitled-2-1.png,"3 MB",,,,https://picturenotes.co.uk/wp-content/uploads/2022/05/Untitled-2-1.png,"May 27, 2022",image/png
238,banner,banner.png,"421 KB",,,,https://picturenotes.co.uk/wp-content/uploads/2022/05/banner.png,"May 27, 2022",image/png
184,"Artboard 14 copy",Artboard-14-copy.png,"11 KB",,,,https://picturenotes.co.uk/wp-content/uploads/2022/05/Artboard-14-copy.png,"May 7, 2022",image/png
183,"Artboard 14",Artboard-14.png,"11 KB",,,,https://picturenotes.co.uk/wp-content/uploads/2022/05/Artboard-14.png,"May 7, 2022",image/png
182,"Artboard 14 copy2 22",Artboard-14-copy2-22.png,"8 KB",,,,https://picturenotes.co.uk/wp-content/uploads/2022/05/Artboard-14-copy2-22.png,"May 7, 2022",image/png
181,"Artboard 14 copy2 2 2",Artboard-14-copy2-2-2.png,"4 KB",,,,https://picturenotes.co.uk/wp-content/uploads/2022/05/Artboard-14-copy2-2-2.png,"May 7, 2022",image/png
180,"Artboard 14 copy2 2",Artboard-14-copy2-2.png,"5 KB",,,,https://picturenotes.co.uk/wp-content/uploads/2022/05/Artboard-14-copy2-2.png,"May 7, 2022",image/png
179,"Artboard 14 copy2[12590]",Artboard-14-copy212590.png,"11 KB",,,,https://picturenotes.co.uk/wp-content/uploads/2022/05/Artboard-14-copy212590.png,"May 7, 2022",image/png
158,"picture notes app",save-1.png,"861 KB",,,,https://picturenotes.co.uk/wp-content/uploads/2022/05/save-1.png,"May 7, 2022",image/png
157,save,save.png,"712 KB",,,,https://picturenotes.co.uk/wp-content/uploads/2022/05/save.png,"May 7, 2022",image/png
156,2342,2342.png,"707 KB",,,,https://picturenotes.co.uk/wp-content/uploads/2022/05/2342.png,"May 7, 2022",image/png
155,23,23.png,"746 KB",,,,https://picturenotes.co.uk/wp-content/uploads/2022/05/23.png,"May 7, 2022",image/png
154,1234,1234.png,"431 KB",,,,https://picturenotes.co.uk/wp-content/uploads/2022/05/1234.png,"May 7, 2022",image/png
152,"1,1",11.png,"447 KB",,,,https://picturenotes.co.uk/wp-content/uploads/2022/05/11.png,"May 7, 2022",image/png
151,2,2.png,"1 MB",,,,https://picturenotes.co.uk/wp-content/uploads/2022/05/2.png,"May 7, 2022",image/png
150,1,1.png,"1 MB",,,,https://picturenotes.co.uk/wp-content/uploads/2022/05/1.png,"May 7, 2022",image/png
136,veapp3,veapp3-1.png,"7 KB",,,,https://picturenotes.co.uk/wp-content/uploads/2022/03/veapp3-1.png,"March 22, 2022",image/png
87,a-portrait-of-caucasian-man-PDZTLMB-1.jpg,a-portrait-of-caucasian-man-PDZTLMB-1.jpg,"67 KB",,,,https://picturenotes.co.uk/wp-content/uploads/2022/03/a-portrait-of-caucasian-man-PDZTLMB-1.jpg,"March 22, 2022",image/jpeg
85,happy-young-elegant-businesswoman-in-white-shirt-l-UJ5JRJ7.jpg,happy-young-elegant-businesswoman-in-white-shirt-l-UJ5JRJ7.jpg,"47 KB",,,,https://picturenotes.co.uk/wp-content/uploads/2022/03/happy-young-elegant-businesswoman-in-white-shirt-l-UJ5JRJ7.jpg,"March 22, 2022",image/jpeg
82,cheerful-businessman-with-crossed-arms-isolated-on-7MD6A95.jpg,cheerful-businessman-with-crossed-arms-isolated-on-7MD6A95.jpg,"61 KB",,,,https://picturenotes.co.uk/wp-content/uploads/2022/03/cheerful-businessman-with-crossed-arms-isolated-on-7MD6A95.jpg,"March 22, 2022",image/jpeg
81,face-1-min.jpg,face-1-min.jpg,"41 KB",,,,https://picturenotes.co.uk/wp-content/uploads/2022/03/face-1-min.jpg,"March 22, 2022",image/jpeg
80,confident-man-dressed-in-suit-9DV7XHT.jpg,confident-man-dressed-in-suit-9DV7XHT.jpg,"51 KB",,,,https://picturenotes.co.uk/wp-content/uploads/2022/03/confident-man-dressed-in-suit-9DV7XHT.jpg,"March 22, 2022",image/jpeg
79,face-9-min.jpg,face-9-min.jpg,"61 KB",,,,https://picturenotes.co.uk/wp-content/uploads/2022/03/face-9-min.jpg,"March 22, 2022",image/jpeg
78,face-5-min.jpg,face-5-min.jpg,"33 KB",,,,https://picturenotes.co.uk/wp-content/uploads/2022/03/face-5-min.jpg,"March 22, 2022",image/jpeg
62,back-panel-min.png,back-panel-min.png,"905 B",,,,https://picturenotes.co.uk/wp-content/uploads/2022/03/back-panel-min.png,"March 22, 2022",image/png
61,world-min.png,world-min.png,"30 KB",,,,https://picturenotes.co.uk/wp-content/uploads/2022/03/world-min.png,"March 22, 2022",image/png
60,portrait-of-a-confident-young-man-dressed-in-shirt-P4DTYKC.jpg,portrait-of-a-confident-young-man-dressed-in-shirt-P4DTYKC.jpg,"103 KB",,,,https://picturenotes.co.uk/wp-content/uploads/2022/03/portrait-of-a-confident-young-man-dressed-in-shirt-P4DTYKC.jpg,"March 22, 2022",image/jpeg
59,confident-male-designer-in-office-BQL3TV8.jpg,confident-male-designer-in-office-BQL3TV8.jpg,"54 KB",,,,https://picturenotes.co.uk/wp-content/uploads/2022/03/confident-male-designer-in-office-BQL3TV8.jpg,"March 22, 2022",image/jpeg
58,smiling-businesswoman-walking-along-the-office-cor-SF8R2EA.jpg,smiling-businesswoman-walking-along-the-office-cor-SF8R2EA.jpg,"50 KB",,,,https://picturenotes.co.uk/wp-content/uploads/2022/03/smiling-businesswoman-walking-along-the-office-cor-SF8R2EA.jpg,"March 22, 2022",image/jpeg
57,full-length-handsome-african-american-man-P7JPL65.jpg,full-length-handsome-african-american-man-P7JPL65.jpg,"94 KB",,,,https://picturenotes.co.uk/wp-content/uploads/2022/03/full-length-handsome-african-american-man-P7JPL65.jpg,"March 22, 2022",image/jpeg
56,iPhone-11-Pro-min.png,iPhone-11-Pro-min.png,"204 KB",,,,https://picturenotes.co.uk/wp-content/uploads/2022/03/iPhone-11-Pro-min.png,"March 22, 2022",image/png
55,logo-4.png,logo-4.png,"4 KB",,,,https://picturenotes.co.uk/wp-content/uploads/2022/03/logo-4.png,"March 22, 2022",image/png
54,logo-3.png,logo-3.png,"6 KB",,,,https://picturenotes.co.uk/wp-content/uploads/2022/03/logo-3.png,"March 22, 2022",image/png
53,logo-2.png,logo-2.png,"4 KB",,,,https://picturenotes.co.uk/wp-content/uploads/2022/03/logo-2.png,"March 22, 2022",image/png
52,logo-12.png,logo-12.png,"6 KB",,,,https://picturenotes.co.uk/wp-content/uploads/2022/03/logo-12.png,"March 22, 2022",image/png
51,logo-10.png,logo-10.png,"5 KB",,,,https://picturenotes.co.uk/wp-content/uploads/2022/03/logo-10.png,"March 22, 2022",image/png
50,logo-9.png,logo-9.png,"5 KB",,,,https://picturenotes.co.uk/wp-content/uploads/2022/03/logo-9.png,"March 22, 2022",image/png
49,logo-8.png,logo-8.png,"5 KB",,,,https://picturenotes.co.uk/wp-content/uploads/2022/03/logo-8.png,"March 22, 2022",image/png
48,logo-7.png,logo-7.png,"6 KB",,,,https://picturenotes.co.uk/wp-content/uploads/2022/03/logo-7.png,"March 22, 2022",image/png
47,logo-6.png,logo-6.png,"5 KB",,,,https://picturenotes.co.uk/wp-content/uploads/2022/03/logo-6.png,"March 22, 2022",image/png
46,logo-5.png,logo-5.png,"5 KB",,,,https://picturenotes.co.uk/wp-content/uploads/2022/03/logo-5.png,"March 22, 2022",image/png
45,iphone-11-angle-3-min-1.png,iphone-11-angle-3-min-1.png,"271 KB",,,,https://picturenotes.co.uk/wp-content/uploads/2022/03/iphone-11-angle-3-min-1.png,"March 22, 2022",image/png
44,back-4-min.png,back-4-min.png,"203 KB",,,,https://picturenotes.co.uk/wp-content/uploads/2022/03/back-4-min.png,"March 22, 2022",image/png
43,Finance-Line-Black-Converted_03.png,Finance-Line-Black-Converted_03.png,"3 KB",,,,https://picturenotes.co.uk/wp-content/uploads/2022/03/Finance-Line-Black-Converted_03.png,"March 22, 2022",image/png
42,Finance-Line-Black-Converted_20.png,Finance-Line-Black-Converted_20.png,"2 KB",,,,https://picturenotes.co.uk/wp-content/uploads/2022/03/Finance-Line-Black-Converted_20.png,"March 22, 2022",image/png
41,Finance-Line-Black-Converted_15.png,Finance-Line-Black-Converted_15.png,"2 KB",,,,https://picturenotes.co.uk/wp-content/uploads/2022/03/Finance-Line-Black-Converted_15.png,"March 22, 2022",image/png
40,iphone-11-min.png,iphone-11-min.png,"140 KB",,,,https://picturenotes.co.uk/wp-content/uploads/2022/03/iphone-11-min.png,"March 22, 2022",image/png
39,back-4-min-1.png,back-4-min-1.png,"93 KB",,,,https://picturenotes.co.uk/wp-content/uploads/2022/03/back-4-min-1.png,"March 22, 2022",image/png
38,home-1-app-min-1.png,home-1-app-min-1.png,"180 KB",,,,https://picturenotes.co.uk/wp-content/uploads/2022/03/home-1-app-min-1.png,"March 22, 2022",image/png
37,back-3-min.png,back-3-min.png,"98 KB",,,,https://picturenotes.co.uk/wp-content/uploads/2022/03/back-3-min.png,"March 22, 2022",image/png
21,veapp-logo.png,veapp-logo.png,"6 KB",,,,https://picturenotes.co.uk/wp-content/uploads/2022/03/veapp-logo.png,"March 22, 2022",image/png
20,google-play-black.png,google-play-black.png,"7 KB",,,,https://picturenotes.co.uk/wp-content/uploads/2022/03/google-play-black.png,"March 22, 2022",image/png
19,app-store-black.png,app-store-black.png,"7 KB",,,,https://picturenotes.co.uk/wp-content/uploads/2022/03/app-store-black.png,"March 22, 2022",image/png
16,veapp3.png,veapp3.png,"7 KB",,,,https://picturenotes.co.uk/wp-content/uploads/2022/03/veapp3.png,"March 22, 2022",image/png
